registration_unit_id	source_identity_id	assertion_registration_id	identity_kind	participant_role	source_value	source_namespace	source_label	extraction_method	source_record_ref	payload_json
mark_phase3_canonical_gsc_mitochondrial_disease	00282bf554959aa86d1db77ce7baad98ab9b2fd0bbbea9909e2a99b8066ba109	43eecf1345d2adfb6cb05920b7a4f9e3a84751ac7117f093c6a07e8b4831716e	evidence_source	evidence_source	gtr_mitochondrial_gene_summary	gsc_source_id	gtr_mitochondrial_gene_summary	gsc_row_column:source_id	row:3318	"{""source"": ""extracted_participant""}"
mark_phase3_canonical_gsc_mitochondrial_disease	005e4f3f296aae04f833b62a048096d4d78d23d2c0b20b72d9dad02299df7fb0	43eecf1345d2adfb6cb05920b7a4f9e3a84751ac7117f093c6a07e8b4831716e	evidence_source	evidence_source	mitocarta_human	gsc_source_id	mitocarta_human	gsc_row_column:source_id	row:3264	"{""source"": ""extracted_participant""}"
mark_phase3_canonical_gsc_mitochondrial_disease	00aa3cf94558d5a481a4002d3866b74a09dd511299e8598ccc56206f6899f9e3	43eecf1345d2adfb6cb05920b7a4f9e3a84751ac7117f093c6a07e8b4831716e	evidence_source	evidence_source	gtr_mitochondrial_gene_summary	gsc_source_id	gtr_mitochondrial_gene_summary	gsc_row_column:source_id	row:304	"{""source"": ""extracted_participant""}"
mark_phase3_canonical_gsc_mitochondrial_disease	ffffac2b73800dcde19a79f5fdae7afe37c11855e4aaf0f9c465e5887d8eaf08	43eecf1345d2adfb6cb05920b7a4f9e3a84751ac7117f093c6a07e8b4831716e	evidence_source	evidence_source	gtr_mitochondrial_gene_summary	gsc_source_id	gtr_mitochondrial_gene_summary	gsc_row_column:source_id	row:2711	"{""source"": ""extracted_participant""}"
mark_phase3_canonical_gsc_mitochondrial_disease	fff41ca518e1157b68a8cb381726cb265b6839fad26797ecc8d7ec105930d4e8	43eecf1345d2adfb6cb05920b7a4f9e3a84751ac7117f093c6a07e8b4831716e	evidence_source	evidence_source	gtr_mitochondrial_gene_summary	gsc_source_id	gtr_mitochondrial_gene_summary	gsc_row_column:source_id	row:2801	"{""source"": ""extracted_participant""}"
mark_phase3_canonical_gsc_mitochondrial_disease	ffed26c4f270ce33240eab631616ac7c06544997a1f94b3b841496d3537e6427	43eecf1345d2adfb6cb05920b7a4f9e3a84751ac7117f093c6a07e8b4831716e	evidence_source	evidence_source	gtr_mitochondrial_gene_summary	gsc_source_id	gtr_mitochondrial_gene_summary	gsc_row_column:source_id	row:2850	"{""source"": ""extracted_participant""}"
mark_phase3_canonical_gsc_mitochondrial_disease	004f542f50699c84fc97c66383d27dd0dc37a700847f6505c942979e4867ed0f	43eecf1345d2adfb6cb05920b7a4f9e3a84751ac7117f093c6a07e8b4831716e	gene	gene	5644	gsc_ensembl_gene_id	5644	gsc_row_column:gene_id	row:2864	"{""source"": ""extracted_participant""}"
mark_phase3_canonical_gsc_mitochondrial_disease	00533655d1173242bcc09ca8a12b1f975e4622c64c2f5a516c03efb09accfb29	43eecf1345d2adfb6cb05920b7a4f9e3a84751ac7117f093c6a07e8b4831716e	gene	gene	92345	gsc_ensembl_gene_id	92345	gsc_row_column:gene_id	row:2283	"{""source"": ""extracted_participant""}"
mark_phase3_canonical_gsc_mitochondrial_disease	00723c49c42aec25615c1f9a357de238c1baafce11d4ffa67b364055a6ca2919	43eecf1345d2adfb6cb05920b7a4f9e3a84751ac7117f093c6a07e8b4831716e	gene	gene	7284	gsc_ensembl_gene_id	7284	gsc_row_column:gene_id	row:3714	"{""source"": ""extracted_participant""}"
mark_phase3_canonical_gsc_mitochondrial_disease	fffc7daf6abd25940b3fc999a4d627c3bbfcb1c07135c87c333c47834f5d9f40	43eecf1345d2adfb6cb05920b7a4f9e3a84751ac7117f093c6a07e8b4831716e	gene	gene	353	gsc_ensembl_gene_id	353	gsc_row_column:gene_id	row:271	"{""source"": ""extracted_participant""}"
mark_phase3_canonical_gsc_mitochondrial_disease	ffbd585565371e3c75cadf860804d59e6e75d5afae07d448947c947baedde79e	43eecf1345d2adfb6cb05920b7a4f9e3a84751ac7117f093c6a07e8b4831716e	gene	gene	4854	gsc_ensembl_gene_id	4854	gsc_row_column:gene_id	row:2454	"{""source"": ""extracted_participant""}"
mark_phase3_canonical_gsc_mitochondrial_disease	ffb376d4688d5adc087d7bdcd0bea5d5a4f547bf8af4ce3120c8676fd3076988	43eecf1345d2adfb6cb05920b7a4f9e3a84751ac7117f093c6a07e8b4831716e	gene	gene	51010	gsc_ensembl_gene_id	51010	gsc_row_column:gene_id	row:1177	"{""source"": ""extracted_participant""}"
mark_phase3_canonical_gsc_mitochondrial_disease	0007c60d77b10a86ecfebec0baa4aca63e4e6de8b21aa4f9d861e145afb9b600	43eecf1345d2adfb6cb05920b7a4f9e3a84751ac7117f093c6a07e8b4831716e	gene_label	gene_label	MTERF4	gsc_gene_symbol	MTERF4	gsc_row_column:gene_symbol	row:2203	"{""source"": ""extracted_participant""}"
mark_phase3_canonical_gsc_mitochondrial_disease	005082cc31b48938dd1b54dbc05f0900239d25de4774624f8482a5127459c385	43eecf1345d2adfb6cb05920b7a4f9e3a84751ac7117f093c6a07e8b4831716e	gene_label	gene_label	TBCD	gsc_gene_symbol	TBCD	gsc_row_column:gene_symbol	row:3479	"{""source"": ""extracted_participant""}"
mark_phase3_canonical_gsc_mitochondrial_disease	0073ea801127f9ef64b454e8a512d65c5c2aa65e802b3bab4c75724ace9c78d7	43eecf1345d2adfb6cb05920b7a4f9e3a84751ac7117f093c6a07e8b4831716e	gene_label	gene_label	CHEK2	gsc_gene_symbol	CHEK2	gsc_row_column:gene_symbol	row:643	"{""source"": ""extracted_participant""}"
mark_phase3_canonical_gsc_mitochondrial_disease	ffc0d0a267f6af2081a8731ebb27cbd334def2798cf044064a41276079da715f	43eecf1345d2adfb6cb05920b7a4f9e3a84751ac7117f093c6a07e8b4831716e	gene_label	gene_label	COQ7	gsc_gene_symbol	COQ7	gsc_row_column:gene_symbol	row:775	"{""source"": ""extracted_participant""}"
mark_phase3_canonical_gsc_mitochondrial_disease	ffb23277ab51ba113674ac3a2b8cc10dc5ac88a13e707470980d176456d87815	43eecf1345d2adfb6cb05920b7a4f9e3a84751ac7117f093c6a07e8b4831716e	gene_label	gene_label	FANCC	gsc_gene_symbol	FANCC	gsc_row_column:gene_symbol	row:1201	"{""source"": ""extracted_participant""}"
mark_phase3_canonical_gsc_mitochondrial_disease	ffaba920372355bd648b9e5b70da22f1c342dac682d661b0baab76026fffba6c	43eecf1345d2adfb6cb05920b7a4f9e3a84751ac7117f093c6a07e8b4831716e	gene_label	gene_label	MT-TE	gsc_gene_symbol	MT-TE	gsc_row_column:gene_symbol	row:2177	"{""source"": ""extracted_participant""}"
mark_phase3_canonical_gsc_mitochondrial_disease	0007b8fbfebb8be7f1209d0c4c4a5ebfb58b6edfd126fc2a945876b68c73e3d1	43eecf1345d2adfb6cb05920b7a4f9e3a84751ac7117f093c6a07e8b4831716e	phenotype	phenotype	mitochondrial_disease	gsc_phenotype	mitochondrial_disease	gsc_row_column:phenotype	row:433	"{""source"": ""extracted_participant""}"
mark_phase3_canonical_gsc_mitochondrial_disease	001051443986d3b672ee152d2ad5b8242b9740c18fbdbc0779440979b7c0c0b9	43eecf1345d2adfb6cb05920b7a4f9e3a84751ac7117f093c6a07e8b4831716e	phenotype	phenotype	mitochondrial_disease	gsc_phenotype	mitochondrial_disease	gsc_row_column:phenotype	row:1048	"{""source"": ""extracted_participant""}"
mark_phase3_canonical_gsc_mitochondrial_disease	003be51e7b6161ab169f32185f0e57d75d22e6c686dd31715509a7e6c87cae62	43eecf1345d2adfb6cb05920b7a4f9e3a84751ac7117f093c6a07e8b4831716e	phenotype	phenotype	mitochondrial_disease	gsc_phenotype	mitochondrial_disease	gsc_row_column:phenotype	row:3502	"{""source"": ""extracted_participant""}"
mark_phase3_canonical_gsc_mitochondrial_disease	fff8b1b2e54d873e4ee538aa516cca690e1b247020dab78b32721feb8c449223	43eecf1345d2adfb6cb05920b7a4f9e3a84751ac7117f093c6a07e8b4831716e	phenotype	phenotype	mitochondrial_disease	gsc_phenotype	mitochondrial_disease	gsc_row_column:phenotype	row:1681	"{""source"": ""extracted_participant""}"
mark_phase3_canonical_gsc_mitochondrial_disease	fff70bc138c8eaedb1bf859d433b2d8a81041661e5ab749e163e6ed652a54ddc	43eecf1345d2adfb6cb05920b7a4f9e3a84751ac7117f093c6a07e8b4831716e	phenotype	phenotype	mitochondrial_disease	gsc_phenotype	mitochondrial_disease	gsc_row_column:phenotype	row:2786	"{""source"": ""extracted_participant""}"
mark_phase3_canonical_gsc_mitochondrial_disease	fff49246d0c8198567513dda9003fab7af716ec4bfbf6eb7f0a608a1e30f5899	43eecf1345d2adfb6cb05920b7a4f9e3a84751ac7117f093c6a07e8b4831716e	phenotype	phenotype	mitochondrial_disease	gsc_phenotype	mitochondrial_disease	gsc_row_column:phenotype	row:2503	"{""source"": ""extracted_participant""}"
mark_phase3_canonical_gsc_mitochondrial_disease	0001b14c3a6938bc927126ee89696cd0b677d91b434b858ba56c71dda3f7654d	43eecf1345d2adfb6cb05920b7a4f9e3a84751ac7117f093c6a07e8b4831716e	provenance	provenance	79fe1a95c05e2e92	gsc_provenance_id	79fe1a95c05e2e92	gsc_row_column:provenance_id	row:1244	"{""source"": ""extracted_participant""}"
mark_phase3_canonical_gsc_mitochondrial_disease	00768a86772666759bca48a311bcf3de84e7f4cd639853e20c540d2178c6545b	43eecf1345d2adfb6cb05920b7a4f9e3a84751ac7117f093c6a07e8b4831716e	provenance	provenance	e1a824b7073654de	gsc_provenance_id	e1a824b7073654de	gsc_row_column:provenance_id	row:2189	"{""source"": ""extracted_participant""}"
mark_phase3_canonical_gsc_mitochondrial_disease	00781d482666720df3c40fc344ada81e28e02aab8c9dff21bfc0f2850d37bb18	43eecf1345d2adfb6cb05920b7a4f9e3a84751ac7117f093c6a07e8b4831716e	provenance	provenance	12c0dd20804d7493	gsc_provenance_id	12c0dd20804d7493	gsc_row_column:provenance_id	row:1227	"{""source"": ""extracted_participant""}"
mark_phase3_canonical_gsc_mitochondrial_disease	ffff5ceda6bea73b09af58da61d04bd59fff310e0ea111e00b8aad262837d04a	43eecf1345d2adfb6cb05920b7a4f9e3a84751ac7117f093c6a07e8b4831716e	provenance	provenance	97f390b759d72bce	gsc_provenance_id	97f390b759d72bce	gsc_row_column:provenance_id	row:2728	"{""source"": ""extracted_participant""}"
mark_phase3_canonical_gsc_mitochondrial_disease	ffdc8f695588d05ff78f124a40c9ac92af66f0164e873143d658bd001252ed15	43eecf1345d2adfb6cb05920b7a4f9e3a84751ac7117f093c6a07e8b4831716e	provenance	provenance	79a63d3dfafdaa8e	gsc_provenance_id	79a63d3dfafdaa8e	gsc_row_column:provenance_id	row:3454	"{""source"": ""extracted_participant""}"
mark_phase3_canonical_gsc_mitochondrial_disease	ffa17bac0191008270b455a20f3cfd34f28b65cde6f0895a5ad77190bac7eb32	43eecf1345d2adfb6cb05920b7a4f9e3a84751ac7117f093c6a07e8b4831716e	provenance	provenance	8485704cb18921c6	gsc_provenance_id	8485704cb18921c6	gsc_row_column:provenance_id	row:257	"{""source"": ""extracted_participant""}"
mark_phase3_canonical_gsc_mitochondrial_disease	00013b6e9b1ec9cdf570b653a0c8ec9fa9602576472030360972db5476eb9125	43eecf1345d2adfb6cb05920b7a4f9e3a84751ac7117f093c6a07e8b4831716e	semantic_channel	semantic_channel	contextual_biology	gsc_semantic_channel	contextual_biology	gsc_row_column:semantic_channel	row:3767	"{""source"": ""extracted_participant""}"
mark_phase3_canonical_gsc_mitochondrial_disease	0005649ef75203ea328a73fc3d7c6422373d7f6b92ab6a3bfe14ab2d9d723a97	43eecf1345d2adfb6cb05920b7a4f9e3a84751ac7117f093c6a07e8b4831716e	semantic_channel	semantic_channel	contextual_biology	gsc_semantic_channel	contextual_biology	gsc_row_column:semantic_channel	row:340	"{""source"": ""extracted_participant""}"
mark_phase3_canonical_gsc_mitochondrial_disease	0006f92806f936f258c407c248c07bdda97a976750696fd9d1166a52ee84a687	43eecf1345d2adfb6cb05920b7a4f9e3a84751ac7117f093c6a07e8b4831716e	semantic_channel	semantic_channel	clinical_utilization	gsc_semantic_channel	clinical_utilization	gsc_row_column:semantic_channel	row:1042	"{""source"": ""extracted_participant""}"
mark_phase3_canonical_gsc_mitochondrial_disease	ffca8e0f8fc670ef7fc922315d7b93ffd5496ab3b41f8cdabed2a9e24fa892f3	43eecf1345d2adfb6cb05920b7a4f9e3a84751ac7117f093c6a07e8b4831716e	semantic_channel	semantic_channel	contextual_biology	gsc_semantic_channel	contextual_biology	gsc_row_column:semantic_channel	row:2678	"{""source"": ""extracted_participant""}"
mark_phase3_canonical_gsc_mitochondrial_disease	ffc2d732d85016ff280895610c8d44100a42ea64ee36c04b91fe00bc1b8ef0c3	43eecf1345d2adfb6cb05920b7a4f9e3a84751ac7117f093c6a07e8b4831716e	semantic_channel	semantic_channel	clinical_utilization	gsc_semantic_channel	clinical_utilization	gsc_row_column:semantic_channel	row:3709	"{""source"": ""extracted_participant""}"
mark_phase3_canonical_gsc_mitochondrial_disease	ff9da7599e309d9e8ce988355f14ffc07680d9dd774b70db582467e983715e86	43eecf1345d2adfb6cb05920b7a4f9e3a84751ac7117f093c6a07e8b4831716e	semantic_channel	semantic_channel	contextual_biology	gsc_semantic_channel	contextual_biology	gsc_row_column:semantic_channel	row:2133	"{""source"": ""extracted_participant""}"
mark_phase3_canonical_gsc_mitochondrial_disease	00368199796147eeeb828ea17875f71952291dfde31b3dbbaa703007a409b286	43eecf1345d2adfb6cb05920b7a4f9e3a84751ac7117f093c6a07e8b4831716e	source_gene	source_gene	ENSG00000244005	gsc_source_gene_id	ENSG00000244005	gsc_row_column:source_gene_id	row:2407	"{""source"": ""extracted_participant""}"
mark_phase3_canonical_gsc_mitochondrial_disease	0040bee584a136c9941659b80cb0b1d66577ed48d91bdc4bcca084e43ad7be3c	43eecf1345d2adfb6cb05920b7a4f9e3a84751ac7117f093c6a07e8b4831716e	source_gene	source_gene	ENSG00000122687	gsc_source_gene_id	ENSG00000122687	gsc_row_column:source_gene_id	row:2037	"{""source"": ""extracted_participant""}"
mark_phase3_canonical_gsc_mitochondrial_disease	0047fb41ddbe408f29c6f4618444372f99935e3468ef0f232984e8fafe862ac0	43eecf1345d2adfb6cb05920b7a4f9e3a84751ac7117f093c6a07e8b4831716e	source_gene	source_gene	ENSG00000165060	gsc_source_gene_id	ENSG00000165060	gsc_row_column:source_gene_id	row:1311	"{""source"": ""extracted_participant""}"
mark_phase3_canonical_gsc_mitochondrial_disease	ffe51a34184b4c7521826410eb1508e1a3ab657d9581c1118bc188d22014c4bb	43eecf1345d2adfb6cb05920b7a4f9e3a84751ac7117f093c6a07e8b4831716e	source_gene	source_gene	ENSG00000143374	gsc_source_gene_id	ENSG00000143374	gsc_row_column:source_gene_id	row:3472	"{""source"": ""extracted_participant""}"
mark_phase3_canonical_gsc_mitochondrial_disease	ffd06135fa3095b9cf1debe317bccc54a78fceffe12496f4c063aa64ddd73215	43eecf1345d2adfb6cb05920b7a4f9e3a84751ac7117f093c6a07e8b4831716e	source_gene	source_gene	160418	gsc_source_gene_id	160418	gsc_row_column:source_gene_id	row:3598	"{""source"": ""extracted_participant""}"
mark_phase3_canonical_gsc_mitochondrial_disease	ffc9eb5e3266633473e1b8c60f8b801fd910900d5290a80bf7b38875e3e4dec6	43eecf1345d2adfb6cb05920b7a4f9e3a84751ac7117f093c6a07e8b4831716e	source_gene	source_gene	5966	gsc_source_gene_id	5966	gsc_row_column:source_gene_id	row:2968	"{""source"": ""extracted_participant""}"
mark_phase3_canonical_gsc_mitochondrial_disease	001eb3c35ae46d34489b4b22b60bbba9172321ebed45971b82f36b8db06b43f9	8a80ff3f4bc4e0df615180dee8d89789a952920a6f073a84767397279a53fbcf	gene	gene	ENSG00000101365	gsc_ensembl_gene_id	ENSG00000101365	gsc_row_column:gene_id	row:464	"{""source"": ""extracted_participant""}"
mark_phase3_canonical_gsc_mitochondrial_disease	003f7cb0d0988a63dcd3ae411a57858a122363b76c08fd321dc207baae6fe257	8a80ff3f4bc4e0df615180dee8d89789a952920a6f073a84767397279a53fbcf	gene	gene	ENSG00000078070	gsc_ensembl_gene_id	ENSG00000078070	gsc_row_column:gene_id	row:512	"{""source"": ""extracted_participant""}"
mark_phase3_canonical_gsc_mitochondrial_disease	0054d7cec0b5baf34f7d79a47948d82b41e7d148792634dc08db1f600d41b463	8a80ff3f4bc4e0df615180dee8d89789a952920a6f073a84767397279a53fbcf	gene	gene	ENSG00000168275	gsc_ensembl_gene_id	ENSG00000168275	gsc_row_column:gene_id	row:216	"{""source"": ""extracted_participant""}"
mark_phase3_canonical_gsc_mitochondrial_disease	fffa11f9ec657cf03cc9a581ce956fd849107fa14bd1c3521fc7f8504c6e9cb5	8a80ff3f4bc4e0df615180dee8d89789a952920a6f073a84767397279a53fbcf	gene	gene	ENSG00000140740	gsc_ensembl_gene_id	ENSG00000140740	gsc_row_column:gene_id	row:1119	"{""source"": ""extracted_participant""}"
mark_phase3_canonical_gsc_mitochondrial_disease	fff9ae916cd8fc429609b963cec58f1032361b6c7e050ac404207c384ee3158b	8a80ff3f4bc4e0df615180dee8d89789a952920a6f073a84767397279a53fbcf	gene	gene	55835	gsc_ensembl_gene_id	55835	gsc_row_column:gene_id	row:1715	"{""source"": ""extracted_participant""}"
mark_phase3_canonical_gsc_mitochondrial_disease	fff5d912728be10e2b9038958c11776ddddf9d5866a57839d384993d36e6f622	8a80ff3f4bc4e0df615180dee8d89789a952920a6f073a84767397279a53fbcf	gene	gene	ENSG00000213465	gsc_ensembl_gene_id	ENSG00000213465	gsc_row_column:gene_id	row:103	"{""source"": ""extracted_participant""}"
mark_phase3_canonical_gsc_mitochondrial_disease	00045404dab3d4c4c81f84990b4eac28a7a1f473def2f9551692d97bd9f032a6	8a80ff3f4bc4e0df615180dee8d89789a952920a6f073a84767397279a53fbcf	phenotype	phenotype	mitochondrial_disease	gsc_phenotype	mitochondrial_disease	gsc_row_column:phenotype	row:1141	"{""source"": ""extracted_participant""}"
mark_phase3_canonical_gsc_mitochondrial_disease	0005220a5227d4cbe0b6f03baca8c0adbde8bd254d341b84f28e437c2656ec53	8a80ff3f4bc4e0df615180dee8d89789a952920a6f073a84767397279a53fbcf	phenotype	phenotype	mitochondrial_disease	gsc_phenotype	mitochondrial_disease	gsc_row_column:phenotype	row:3431	"{""source"": ""extracted_participant""}"
mark_phase3_canonical_gsc_mitochondrial_disease	000e8c7f975459f6c15e5d0927009da18c926f37a85ce0c4accd93da08427519	8a80ff3f4bc4e0df615180dee8d89789a952920a6f073a84767397279a53fbcf	phenotype	phenotype	mitochondrial_disease	gsc_phenotype	mitochondrial_disease	gsc_row_column:phenotype	row:3609	"{""source"": ""extracted_participant""}"
mark_phase3_canonical_gsc_mitochondrial_disease	fff8a2e7928aaa434f81d0e78fe863c3e96354ab03970f68884b550ad982c57a	8a80ff3f4bc4e0df615180dee8d89789a952920a6f073a84767397279a53fbcf	phenotype	phenotype	mitochondrial_disease	gsc_phenotype	mitochondrial_disease	gsc_row_column:phenotype	row:701	"{""source"": ""extracted_participant""}"
mark_phase3_canonical_gsc_mitochondrial_disease	fff3ddc4ace861cbb06a1a59c979e7acb3e05ee9b4c4389f612aa9101017b7ac	8a80ff3f4bc4e0df615180dee8d89789a952920a6f073a84767397279a53fbcf	phenotype	phenotype	mitochondrial_disease	gsc_phenotype	mitochondrial_disease	gsc_row_column:phenotype	row:3763	"{""source"": ""extracted_participant""}"
mark_phase3_canonical_gsc_mitochondrial_disease	ffc59c2be7892347ac37373b21bd21feaf6537cd1c457722d3831ddd55190e77	8a80ff3f4bc4e0df615180dee8d89789a952920a6f073a84767397279a53fbcf	phenotype	phenotype	mitochondrial_disease	gsc_phenotype	mitochondrial_disease	gsc_row_column:phenotype	row:2702	"{""source"": ""extracted_participant""}"
mark_phase3_canonical_gsc_mitochondrial_disease	0004b731b8499491e4782247a5b6eff02a4e08a8334e12855426292d7a2e402f	a11f588287e2858eb96a94ec52f24159e174354de67452664c87e718cb6c89b6	gene	gene	ENSG00000119431	gsc_ensembl_gene_id	ENSG00000119431	gsc_row_column:gene_id	row:432	"{""source"": ""extracted_participant""}"
mark_phase3_canonical_gsc_mitochondrial_disease	000da857e61310520d8ec26936babd0f6990672b434008b768122e1e4c718b00	a11f588287e2858eb96a94ec52f24159e174354de67452664c87e718cb6c89b6	gene	gene	2887	gsc_ensembl_gene_id	2887	gsc_row_column:gene_id	row:2179	"{""source"": ""extracted_participant""}"
mark_phase3_canonical_gsc_mitochondrial_disease	002340e89fdcbce26310bac71d0e3e63745d5854cdfec4819bf6bd84c18a4743	a11f588287e2858eb96a94ec52f24159e174354de67452664c87e718cb6c89b6	gene	gene	2532	gsc_ensembl_gene_id	2532	gsc_row_column:gene_id	row:1171	"{""source"": ""extracted_participant""}"
mark_phase3_canonical_gsc_mitochondrial_disease	ffff55df67c04f513ebf8b6821316e3cb8e9874d1705b32aba718b7c34f776c6	a11f588287e2858eb96a94ec52f24159e174354de67452664c87e718cb6c89b6	gene	gene	4704	gsc_ensembl_gene_id	4704	gsc_row_column:gene_id	row:2757	"{""source"": ""extracted_participant""}"
mark_phase3_canonical_gsc_mitochondrial_disease	fffa71e41d05e4fa0f652879d1f2ffb368412363305e75868a7df26bdde69d63	a11f588287e2858eb96a94ec52f24159e174354de67452664c87e718cb6c89b6	gene	gene	ENSG00000180185	gsc_ensembl_gene_id	ENSG00000180185	gsc_row_column:gene_id	row:347	"{""source"": ""extracted_participant""}"
mark_phase3_canonical_gsc_mitochondrial_disease	fff5c2d8260728f696420f2452b965b9d0490f406f03f793d1ef4ffcc7e19248	a11f588287e2858eb96a94ec52f24159e174354de67452664c87e718cb6c89b6	gene	gene	84947	gsc_ensembl_gene_id	84947	gsc_row_column:gene_id	row:3321	"{""source"": ""extracted_participant""}"
mark_phase3_canonical_gsc_mitochondrial_disease	00122c49464574c741e464ac61bf7cc7a84e1a2d270f7e3aa7a65212cfd0cf9a	a11f588287e2858eb96a94ec52f24159e174354de67452664c87e718cb6c89b6	gene_label	gene_label	FGF14	gsc_gene_symbol	FGF14	gsc_row_column:gene_symbol	row:2018	"{""source"": ""extracted_participant""}"
mark_phase3_canonical_gsc_mitochondrial_disease	00291142a1ecd52d68aa0bd6645cf56b8e749b901c45e153c165ab9dc77899bf	a11f588287e2858eb96a94ec52f24159e174354de67452664c87e718cb6c89b6	gene_label	gene_label	KCNB1	gsc_gene_symbol	KCNB1	gsc_row_column:gene_symbol	row:2370	"{""source"": ""extracted_participant""}"
mark_phase3_canonical_gsc_mitochondrial_disease	00468aa79392690400f2ddc417d967cf66591c0b08e660672aa9cc09e01e7fb7	a11f588287e2858eb96a94ec52f24159e174354de67452664c87e718cb6c89b6	gene_label	gene_label	CPT1A	gsc_gene_symbol	CPT1A	gsc_row_column:gene_symbol	row:1719	"{""source"": ""extracted_participant""}"
mark_phase3_canonical_gsc_mitochondrial_disease	fffa91ea954ad9497badeb9111faea940389105261bb4c51dd1cc686746a4486	a11f588287e2858eb96a94ec52f24159e174354de67452664c87e718cb6c89b6	gene_label	gene_label	UNG	gsc_gene_symbol	UNG	gsc_row_column:gene_symbol	row:1111	"{""source"": ""extracted_participant""}"
mark_phase3_canonical_gsc_mitochondrial_disease	fff9feafc7b991b6481cc45a0f8ee8580cd733a991cfdba33552696f02adb68a	a11f588287e2858eb96a94ec52f24159e174354de67452664c87e718cb6c89b6	gene_label	gene_label	TARS2	gsc_gene_symbol	TARS2	gsc_row_column:gene_symbol	row:1035	"{""source"": ""extracted_participant""}"
mark_phase3_canonical_gsc_mitochondrial_disease	ffec6a397fbce6899f663e8131fb84c223839e9d75ce4c7487d4b4d43fc52ce4	a11f588287e2858eb96a94ec52f24159e174354de67452664c87e718cb6c89b6	gene_label	gene_label	STX11	gsc_gene_symbol	STX11	gsc_row_column:gene_symbol	row:3533	"{""source"": ""extracted_participant""}"
mark_phase3_canonical_gsc_mitochondrial_disease	000284ed53d5257b40ad8642fe5bb8313ea4b8faa41418fc0c501682c128eaa5	a11f588287e2858eb96a94ec52f24159e174354de67452664c87e718cb6c89b6	phenotype	phenotype	mitochondrial_disease	gsc_phenotype	mitochondrial_disease	gsc_row_column:phenotype	row:458	"{""source"": ""extracted_participant""}"
mark_phase3_canonical_gsc_mitochondrial_disease	0004289517673716f115cea7fa3c05cdac7711783934fdfcf03282a2f448a6e3	a11f588287e2858eb96a94ec52f24159e174354de67452664c87e718cb6c89b6	phenotype	phenotype	mitochondrial_disease	gsc_phenotype	mitochondrial_disease	gsc_row_column:phenotype	row:1103	"{""source"": ""extracted_participant""}"
mark_phase3_canonical_gsc_mitochondrial_disease	000666bf88e0cf707c7a976a2dbcba056c075f543e97955e590bff3722da92f3	a11f588287e2858eb96a94ec52f24159e174354de67452664c87e718cb6c89b6	phenotype	phenotype	mitochondrial_disease	gsc_phenotype	mitochondrial_disease	gsc_row_column:phenotype	row:3260	"{""source"": ""extracted_participant""}"
mark_phase3_canonical_gsc_mitochondrial_disease	ffe2bd4543611b8484096bf6b61c02cfde879ccebb14455394ec5baebdb780b1	a11f588287e2858eb96a94ec52f24159e174354de67452664c87e718cb6c89b6	phenotype	phenotype	mitochondrial_disease	gsc_phenotype	mitochondrial_disease	gsc_row_column:phenotype	row:1648	"{""source"": ""extracted_participant""}"
mark_phase3_canonical_gsc_mitochondrial_disease	ffd7ef0b1da2a84476ddb9976dc7b9a6ef82df176a2d2958f2ae1d8f521711e1	a11f588287e2858eb96a94ec52f24159e174354de67452664c87e718cb6c89b6	phenotype	phenotype	mitochondrial_disease	gsc_phenotype	mitochondrial_disease	gsc_row_column:phenotype	row:3462	"{""source"": ""extracted_participant""}"
mark_phase3_canonical_gsc_mitochondrial_disease	ffb7c22e86a0fc53578f53e8ec454e27fd943c9ab51416d4a9a5e0b6860c7892	a11f588287e2858eb96a94ec52f24159e174354de67452664c87e718cb6c89b6	phenotype	phenotype	mitochondrial_disease	gsc_phenotype	mitochondrial_disease	gsc_row_column:phenotype	row:3437	"{""source"": ""extracted_participant""}"
mark_phase3_canonical_gsc_mitochondrial_disease	0044e1ca64537a248c038f7e63ae9397ba48eec5002685d3de7381ca18dfca4e	a11f588287e2858eb96a94ec52f24159e174354de67452664c87e718cb6c89b6	provenance	provenance	2057e87c5918fb0b	gsc_provenance_id	2057e87c5918fb0b	gsc_row_column:provenance_id	row:1488	"{""source"": ""extracted_participant""}"
mark_phase3_canonical_gsc_mitochondrial_disease	0049076dca301b203117d679431c89cf08869dfca3b94f8e5312722fa38873f5	a11f588287e2858eb96a94ec52f24159e174354de67452664c87e718cb6c89b6	provenance	provenance	5350491aff3a0c6c	gsc_provenance_id	5350491aff3a0c6c	gsc_row_column:provenance_id	row:2817	"{""source"": ""extracted_participant""}"
mark_phase3_canonical_gsc_mitochondrial_disease	004dc3282f1e1c6bfe23dfa2c0f5e21176aad2d58da0cd0f4b651a8b0871cfce	a11f588287e2858eb96a94ec52f24159e174354de67452664c87e718cb6c89b6	provenance	provenance	fa9f4f4342910715	gsc_provenance_id	fa9f4f4342910715	gsc_row_column:provenance_id	row:904	"{""source"": ""extracted_participant""}"
mark_phase3_canonical_gsc_mitochondrial_disease	fffe6837fdcd8f92a64e659a3d4bf97738303d372a5b87b428ebdd1e9c82e730	a11f588287e2858eb96a94ec52f24159e174354de67452664c87e718cb6c89b6	provenance	provenance	88ece517a456c92f	gsc_provenance_id	88ece517a456c92f	gsc_row_column:provenance_id	row:2568	"{""source"": ""extracted_participant""}"
mark_phase3_canonical_gsc_mitochondrial_disease	fff130c739b1ad24753a49a56c50fdc41d82bb80ac4fe196b8a59c21be663210	a11f588287e2858eb96a94ec52f24159e174354de67452664c87e718cb6c89b6	provenance	provenance	9955ea81faf85691	gsc_provenance_id	9955ea81faf85691	gsc_row_column:provenance_id	row:407	"{""source"": ""extracted_participant""}"
mark_phase3_canonical_gsc_mitochondrial_disease	ffefea465d2c75636c637910f338db2b72f801d6ba61c8fc53b3fe7da45b3fe7	a11f588287e2858eb96a94ec52f24159e174354de67452664c87e718cb6c89b6	provenance	provenance	7628f411805e874f	gsc_provenance_id	7628f411805e874f	gsc_row_column:provenance_id	row:2077	"{""source"": ""extracted_participant""}"
mark_phase3_canonical_gsc_mitochondrial_disease	000496173e458c177d2766a2d983ceef35efed78f341d9d15beb61e84d3f4873	b0bc75522990d62ae916320c1e5183a8c3f8e37839de9316be52f46601fadf26	evidence_source	evidence_source	gtr_mitochondrial_gene_summary	gsc_source_id	gtr_mitochondrial_gene_summary	gsc_row_column:source_id	row:1963	"{""source"": ""extracted_participant""}"
mark_phase3_canonical_gsc_mitochondrial_disease	000cb3e6806485ad16875de738d72b79bcc16935bb709c00d105cd1d2b92aa5b	b0bc75522990d62ae916320c1e5183a8c3f8e37839de9316be52f46601fadf26	evidence_source	evidence_source	mitocarta_human	gsc_source_id	mitocarta_human	gsc_row_column:source_id	row:3796	"{""source"": ""extracted_participant""}"
mark_phase3_canonical_gsc_mitochondrial_disease	0012a35e764d9f9548bf38a8f4df4e2920eb8e636c3e8434a6eca2a05e962772	b0bc75522990d62ae916320c1e5183a8c3f8e37839de9316be52f46601fadf26	evidence_source	evidence_source	gtr_mitochondrial_gene_summary	gsc_source_id	gtr_mitochondrial_gene_summary	gsc_row_column:source_id	row:730	"{""source"": ""extracted_participant""}"
mark_phase3_canonical_gsc_mitochondrial_disease	fff3be078abe1bffd6d477c387c49e62598af1dfee216ea4faaed2dbdde593be	b0bc75522990d62ae916320c1e5183a8c3f8e37839de9316be52f46601fadf26	evidence_source	evidence_source	gtr_mitochondrial_gene_summary	gsc_source_id	gtr_mitochondrial_gene_summary	gsc_row_column:source_id	row:1082	"{""source"": ""extracted_participant""}"
mark_phase3_canonical_gsc_mitochondrial_disease	ffdc299527ef1545b0f1ba266c04170b7944ed9e1df55f3b17e875e8153396df	b0bc75522990d62ae916320c1e5183a8c3f8e37839de9316be52f46601fadf26	evidence_source	evidence_source	gtr_mitochondrial_gene_summary	gsc_source_id	gtr_mitochondrial_gene_summary	gsc_row_column:source_id	row:1146	"{""source"": ""extracted_participant""}"
mark_phase3_canonical_gsc_mitochondrial_disease	ffdabf74a9e4c96cb690921e8fd35884ac1776287eea8bc795a2dba6d892de37	b0bc75522990d62ae916320c1e5183a8c3f8e37839de9316be52f46601fadf26	evidence_source	evidence_source	mitocarta_human	gsc_source_id	mitocarta_human	gsc_row_column:source_id	row:3107	"{""source"": ""extracted_participant""}"
mark_phase3_canonical_gsc_mitochondrial_disease	000909a87fe2852a0507f0f7fa8ef5a12299976d8cf2b508c20d23ef4918ae1a	b0bc75522990d62ae916320c1e5183a8c3f8e37839de9316be52f46601fadf26	gene	gene	78989	gsc_ensembl_gene_id	78989	gsc_row_column:gene_id	row:759	"{""source"": ""extracted_participant""}"
mark_phase3_canonical_gsc_mitochondrial_disease	0033b0bfc9b1b251aee2518550a8afba530a9aa429e7dd91e50cbaba9d33c0a7	b0bc75522990d62ae916320c1e5183a8c3f8e37839de9316be52f46601fadf26	gene	gene	ENSG00000181867	gsc_ensembl_gene_id	ENSG00000181867	gsc_row_column:gene_id	row:1303	"{""source"": ""extracted_participant""}"
mark_phase3_canonical_gsc_mitochondrial_disease	003de7cbe168d23ec87380b52eb3a443483ac89c75b10e5b858b3c521447d966	b0bc75522990d62ae916320c1e5183a8c3f8e37839de9316be52f46601fadf26	gene	gene	6476	gsc_ensembl_gene_id	6476	gsc_row_column:gene_id	row:3157	"{""source"": ""extracted_participant""}"
mark_phase3_canonical_gsc_mitochondrial_disease	fffbbb632642e00d7a56ee7501203ba79cd3a91e74c59b35b1dc8ca641217c70	b0bc75522990d62ae916320c1e5183a8c3f8e37839de9316be52f46601fadf26	gene	gene	ENSG00000170632|ENSG00000282813	gsc_ensembl_gene_id	ENSG00000170632|ENSG00000282813	gsc_row_column:gene_id	row:297	"{""source"": ""extracted_participant""}"
mark_phase3_canonical_gsc_mitochondrial_disease	fff213ab7fceb3dbaf987f491c694b34e8d1819332c0ec4116d4e23052b19cbf	b0bc75522990d62ae916320c1e5183a8c3f8e37839de9316be52f46601fadf26	gene	gene	2702	gsc_ensembl_gene_id	2702	gsc_row_column:gene_id	row:1386	"{""source"": ""extracted_participant""}"
mark_phase3_canonical_gsc_mitochondrial_disease	ffef08504ee57084aeb1dc0de012ed26794a375e4ecdd0b1c5c4c86c916c7387	b0bc75522990d62ae916320c1e5183a8c3f8e37839de9316be52f46601fadf26	gene	gene	5518	gsc_ensembl_gene_id	5518	gsc_row_column:gene_id	row:2806	"{""source"": ""extracted_participant""}"
mark_phase3_canonical_gsc_mitochondrial_disease	001c48d672b56c0f930fee7da6a285eed98e56d8af4d209660843472edfb7119	b0bc75522990d62ae916320c1e5183a8c3f8e37839de9316be52f46601fadf26	gene_label	gene_label	GFM2	gsc_gene_symbol	GFM2	gsc_row_column:gene_symbol	row:1378	"{""source"": ""extracted_participant""}"
mark_phase3_canonical_gsc_mitochondrial_disease	00283f1294e4ddf3ef4a5f080fdcacaed7b8f1093a07cc48d479f57b04c89093	b0bc75522990d62ae916320c1e5183a8c3f8e37839de9316be52f46601fadf26	gene_label	gene_label	MOCS1	gsc_gene_symbol	MOCS1	gsc_row_column:gene_symbol	row:2010	"{""source"": ""extracted_participant""}"
mark_phase3_canonical_gsc_mitochondrial_disease	0042a73fde35cdf66976200a07bc30a2585bd8e02e9fcaa2adc9f9fec57c2907	b0bc75522990d62ae916320c1e5183a8c3f8e37839de9316be52f46601fadf26	gene_label	gene_label	PEX6	gsc_gene_symbol	PEX6	gsc_row_column:gene_symbol	row:2649	"{""source"": ""extracted_participant""}"
mark_phase3_canonical_gsc_mitochondrial_disease	fff9f0bb8a42fb5a18b0b6f94e97f903223ff55823d358f7c48182be2db470d0	b0bc75522990d62ae916320c1e5183a8c3f8e37839de9316be52f46601fadf26	gene_label	gene_label	HPS1	gsc_gene_symbol	HPS1	gsc_row_column:gene_symbol	row:1578	"{""source"": ""extracted_participant""}"
mark_phase3_canonical_gsc_mitochondrial_disease	ffb438d6f5201f63acad6aee6b7de02e4a0e69208489a9c0350828197e58f898	b0bc75522990d62ae916320c1e5183a8c3f8e37839de9316be52f46601fadf26	gene_label	gene_label	PTCD1	gsc_gene_symbol	PTCD1	gsc_row_column:gene_symbol	row:2875	"{""source"": ""extracted_participant""}"
mark_phase3_canonical_gsc_mitochondrial_disease	ffa5a832062f5e281a1cddfa31f280324d8b4e6d284c5a639e8429536fddbb25	b0bc75522990d62ae916320c1e5183a8c3f8e37839de9316be52f46601fadf26	gene_label	gene_label	HOXA2	gsc_gene_symbol	HOXA2	gsc_row_column:gene_symbol	row:1570	"{""source"": ""extracted_participant""}"
mark_phase3_canonical_gsc_mitochondrial_disease	000de6b52f5f4232a48cc719942822cfe19d3ce5c49349a0056f66d3e85a8129	b0bc75522990d62ae916320c1e5183a8c3f8e37839de9316be52f46601fadf26	phenotype	phenotype	mitochondrial_disease	gsc_phenotype	mitochondrial_disease	gsc_row_column:phenotype	row:1625	"{""source"": ""extracted_participant""}"
mark_phase3_canonical_gsc_mitochondrial_disease	0010e94df38995493e0000ac411da5e2586e368075a9905c6773c9ad853b67d9	b0bc75522990d62ae916320c1e5183a8c3f8e37839de9316be52f46601fadf26	phenotype	phenotype	mitochondrial_disease	gsc_phenotype	mitochondrial_disease	gsc_row_column:phenotype	row:1828	"{""source"": ""extracted_participant""}"
mark_phase3_canonical_gsc_mitochondrial_disease	001d71c5010f68139bf6c20ea884d7390a4c78766c8c2d1a70fb1b3a8e5bd9e5	b0bc75522990d62ae916320c1e5183a8c3f8e37839de9316be52f46601fadf26	phenotype	phenotype	mitochondrial_disease	gsc_phenotype	mitochondrial_disease	gsc_row_column:phenotype	row:1514	"{""source"": ""extracted_participant""}"
mark_phase3_canonical_gsc_mitochondrial_disease	ffce7d8c1f6ddec764cdf9a96af26aafbffd35dc20893e054d2e20bfd0071e4f	b0bc75522990d62ae916320c1e5183a8c3f8e37839de9316be52f46601fadf26	phenotype	phenotype	mitochondrial_disease	gsc_phenotype	mitochondrial_disease	gsc_row_column:phenotype	row:1830	"{""source"": ""extracted_participant""}"
mark_phase3_canonical_gsc_mitochondrial_disease	ffb609f99155f3a62db2a98ab8c5c25a92760402cbc8d17f5e22fbbe3e2cc963	b0bc75522990d62ae916320c1e5183a8c3f8e37839de9316be52f46601fadf26	phenotype	phenotype	mitochondrial_disease	gsc_phenotype	mitochondrial_disease	gsc_row_column:phenotype	row:1341	"{""source"": ""extracted_participant""}"
mark_phase3_canonical_gsc_mitochondrial_disease	ffa9b0a71b70b5b93d6f30369969f3ccdc7acb73358518cda11a030bba841d41	b0bc75522990d62ae916320c1e5183a8c3f8e37839de9316be52f46601fadf26	phenotype	phenotype	mitochondrial_disease	gsc_phenotype	mitochondrial_disease	gsc_row_column:phenotype	row:1135	"{""source"": ""extracted_participant""}"
mark_phase3_canonical_gsc_mitochondrial_disease	0012cd05924c0d48bc4f226403c784f60f5254d7c277dbb4e8c80f70de7ec535	b0bc75522990d62ae916320c1e5183a8c3f8e37839de9316be52f46601fadf26	provenance	provenance	4ac11274456aebfb	gsc_provenance_id	4ac11274456aebfb	gsc_row_column:provenance_id	row:2264	"{""source"": ""extracted_participant""}"
mark_phase3_canonical_gsc_mitochondrial_disease	00250b9bff9cc6622684fc876b23b25bd4f3568bc3fa34891452b6889b248f36	b0bc75522990d62ae916320c1e5183a8c3f8e37839de9316be52f46601fadf26	provenance	provenance	ffc59382714d7069	gsc_provenance_id	ffc59382714d7069	gsc_row_column:provenance_id	row:341	"{""source"": ""extracted_participant""}"
mark_phase3_canonical_gsc_mitochondrial_disease	0037865c11402bbb9899009de66f2c543bb58336729594790036914a79a91f94	b0bc75522990d62ae916320c1e5183a8c3f8e37839de9316be52f46601fadf26	provenance	provenance	53f53d8588e246b1	gsc_provenance_id	53f53d8588e246b1	gsc_row_column:provenance_id	row:2514	"{""source"": ""extracted_participant""}"
mark_phase3_canonical_gsc_mitochondrial_disease	ffdf4d05f60fbff6061f6eb4b8a327781dbbaebba2077a8dd4750ac725884ea2	b0bc75522990d62ae916320c1e5183a8c3f8e37839de9316be52f46601fadf26	provenance	provenance	bd914dfd4368f50e	gsc_provenance_id	bd914dfd4368f50e	gsc_row_column:provenance_id	row:1594	"{""source"": ""extracted_participant""}"
mark_phase3_canonical_gsc_mitochondrial_disease	ffd474b1bcc8aaa0b7c44fe3aa00c60d6e8afd050c3ed01de6c93f37b4497ec8	b0bc75522990d62ae916320c1e5183a8c3f8e37839de9316be52f46601fadf26	provenance	provenance	a46527e73a7c858a	gsc_provenance_id	a46527e73a7c858a	gsc_row_column:provenance_id	row:3227	"{""source"": ""extracted_participant""}"
mark_phase3_canonical_gsc_mitochondrial_disease	ffcd0f92ebb26a201eaff5c9c32fbaccfb8698e3b0b9e66b892170a4d043c932	b0bc75522990d62ae916320c1e5183a8c3f8e37839de9316be52f46601fadf26	provenance	provenance	5c39c108d2233972	gsc_provenance_id	5c39c108d2233972	gsc_row_column:provenance_id	row:2364	"{""source"": ""extracted_participant""}"
mark_phase3_canonical_gsc_mitochondrial_disease	001e36274cf6ec98e6ea22304249871e8e025a8534983230aa728de7d1718319	b0bc75522990d62ae916320c1e5183a8c3f8e37839de9316be52f46601fadf26	source_gene	source_gene	7204	gsc_source_gene_id	7204	gsc_row_column:source_gene_id	row:3658	"{""source"": ""extracted_participant""}"
mark_phase3_canonical_gsc_mitochondrial_disease	002fa029678cacc5f7cf6b07180ad691d316ff8e754e4168f053159022f500cb	b0bc75522990d62ae916320c1e5183a8c3f8e37839de9316be52f46601fadf26	source_gene	source_gene	285848	gsc_source_gene_id	285848	gsc_row_column:source_gene_id	row:2744	"{""source"": ""extracted_participant""}"
mark_phase3_canonical_gsc_mitochondrial_disease	0035a8c17bd43a86edf72c69935dbb6465507bf0d9997becca9d05fd4a239b7f	b0bc75522990d62ae916320c1e5183a8c3f8e37839de9316be52f46601fadf26	source_gene	source_gene	51117	gsc_source_gene_id	51117	gsc_row_column:source_gene_id	row:769	"{""source"": ""extracted_participant""}"
mark_phase3_canonical_gsc_mitochondrial_disease	fff0a6aa6d1bc0ef128b2c9bc0e6f707c03eb0a5e78c43ca0c78086fd375bbb5	b0bc75522990d62ae916320c1e5183a8c3f8e37839de9316be52f46601fadf26	source_gene	source_gene	ENSG00000069998	gsc_source_gene_id	ENSG00000069998	gsc_row_column:source_gene_id	row:1522	"{""source"": ""extracted_participant""}"
mark_phase3_canonical_gsc_mitochondrial_disease	ffcd5b7b4698163c7cf372d3d61651e7df9abc46d2709820f2bf0522f69fa756	b0bc75522990d62ae916320c1e5183a8c3f8e37839de9316be52f46601fadf26	source_gene	source_gene	ENSG00000085491|ENSG00000284468	gsc_source_gene_id	ENSG00000085491|ENSG00000284468	gsc_row_column:source_gene_id	row:3213	"{""source"": ""extracted_participant""}"
mark_phase3_canonical_gsc_mitochondrial_disease	ffcd2ec310593277fb85ddae767f2a584cf2db208c0e0dc194ebe9728aa8dbfc	b0bc75522990d62ae916320c1e5183a8c3f8e37839de9316be52f46601fadf26	source_gene	source_gene	4892	gsc_source_gene_id	4892	gsc_row_column:source_gene_id	row:2471	"{""source"": ""extracted_participant""}"
mark_phase3_canonical_gsc_mitochondrial_disease	0006874375cac9e4965493dd7f01f288e1c4b364de2b833942891a8430f9eac7	c8c94902a880f0643e37a2a83e8923087788d8d778e333dfc96d50764e6693ce	gene	gene	1288	gsc_ensembl_gene_id	1288	gsc_row_column:gene_id	row:1671	"{""source"": ""extracted_participant""}"
mark_phase3_canonical_gsc_mitochondrial_disease	00390f06014b868cf2f9ab44c461479463eef3f133957ec0e58c6c6f64a1c4f5	c8c94902a880f0643e37a2a83e8923087788d8d778e333dfc96d50764e6693ce	gene	gene	ENSG00000144182	gsc_ensembl_gene_id	ENSG00000144182	gsc_row_column:gene_id	row:492	"{""source"": ""extracted_participant""}"
mark_phase3_canonical_gsc_mitochondrial_disease	00474bef68cf8a214fe80fc72db273d152a475ce5cc2a25420d8cd5916935963	c8c94902a880f0643e37a2a83e8923087788d8d778e333dfc96d50764e6693ce	gene	gene	953	gsc_ensembl_gene_id	953	gsc_row_column:gene_id	row:1941	"{""source"": ""extracted_participant""}"
mark_phase3_canonical_gsc_mitochondrial_disease	fff5b9a9a9c1062da9f086a4f8a8d41c4a5eef0b4856b4754e8e2c2d8d68a4e8	c8c94902a880f0643e37a2a83e8923087788d8d778e333dfc96d50764e6693ce	gene	gene	549	gsc_ensembl_gene_id	549	gsc_row_column:gene_id	row:1399	"{""source"": ""extracted_participant""}"
mark_phase3_canonical_gsc_mitochondrial_disease	fff2101ddd2c427a483d0f4b644998d220bbb1b78e3255ad0a25f5844f97a30a	c8c94902a880f0643e37a2a83e8923087788d8d778e333dfc96d50764e6693ce	gene	gene	63931	gsc_ensembl_gene_id	63931	gsc_row_column:gene_id	row:2621	"{""source"": ""extracted_participant""}"
mark_phase3_canonical_gsc_mitochondrial_disease	ffc5f70a2a6bcaeea67e973440572450c83067bc3cdef977ea2e51b6b243d907	c8c94902a880f0643e37a2a83e8923087788d8d778e333dfc96d50764e6693ce	gene	gene	9841	gsc_ensembl_gene_id	9841	gsc_row_column:gene_id	row:3862	"{""source"": ""extracted_participant""}"
mark_phase3_canonical_gsc_mitochondrial_disease	001473231ddb2a5b124561d1e2b169661c6f1e5540d8c601b33c9d8e488ea258	c8c94902a880f0643e37a2a83e8923087788d8d778e333dfc96d50764e6693ce	gene_label	gene_label	WDR81	gsc_gene_symbol	WDR81	gsc_row_column:gene_symbol	row:3831	"{""source"": ""extracted_participant""}"
mark_phase3_canonical_gsc_mitochondrial_disease	0023801f7ebc412dd985313761b473d5551b63815bd7efdc02f4b5676f00bb49	c8c94902a880f0643e37a2a83e8923087788d8d778e333dfc96d50764e6693ce	gene_label	gene_label	COCH	gsc_gene_symbol	COCH	gsc_row_column:gene_symbol	row:1651	"{""source"": ""extracted_participant""}"
mark_phase3_canonical_gsc_mitochondrial_disease	003376c2ab6ca7d89368af364eeb26395f7fefe9e463049ce306125345953f37	c8c94902a880f0643e37a2a83e8923087788d8d778e333dfc96d50764e6693ce	gene_label	gene_label	CHD2	gsc_gene_symbol	CHD2	gsc_row_column:gene_symbol	row:1583	"{""source"": ""extracted_participant""}"
mark_phase3_canonical_gsc_mitochondrial_disease	ffe8c715bea8d9a3bf0a730410b8d8c4f2cb6e739f0cee807aaeae91ca428fd6	c8c94902a880f0643e37a2a83e8923087788d8d778e333dfc96d50764e6693ce	gene_label	gene_label	AKR1B10	gsc_gene_symbol	AKR1B10	gsc_row_column:gene_symbol	row:77	"{""source"": ""extracted_participant""}"
mark_phase3_canonical_gsc_mitochondrial_disease	ffddef0303da16b9b58d550cb91e2af3982a39b4e7875c6cb03efb9fd244b36f	c8c94902a880f0643e37a2a83e8923087788d8d778e333dfc96d50764e6693ce	gene_label	gene_label	CAV2	gsc_gene_symbol	CAV2	gsc_row_column:gene_symbol	row:1502	"{""source"": ""extracted_participant""}"
mark_phase3_canonical_gsc_mitochondrial_disease	ffd6b0efbabcca686ba643e2d0f9596cf2600bb03891061eef48e5af6a07d3ad	c8c94902a880f0643e37a2a83e8923087788d8d778e333dfc96d50764e6693ce	gene_label	gene_label	PARS2	gsc_gene_symbol	PARS2	gsc_row_column:gene_symbol	row:2903	"{""source"": ""extracted_participant""}"
mark_phase3_canonical_gsc_mitochondrial_disease	000142a4eabd3eb177a5339c50a10d2eb1243f37eed711ac864bc0d75b309141	c8c94902a880f0643e37a2a83e8923087788d8d778e333dfc96d50764e6693ce	phenotype	phenotype	mitochondrial_disease	gsc_phenotype	mitochondrial_disease	gsc_row_column:phenotype	row:723	"{""source"": ""extracted_participant""}"
mark_phase3_canonical_gsc_mitochondrial_disease	0024fa1a3b7c4105e56ad5e0664343c8ca8799c078b84c68ec09fe5345a3651f	c8c94902a880f0643e37a2a83e8923087788d8d778e333dfc96d50764e6693ce	phenotype	phenotype	mitochondrial_disease	gsc_phenotype	mitochondrial_disease	gsc_row_column:phenotype	row:762	"{""source"": ""extracted_participant""}"
mark_phase3_canonical_gsc_mitochondrial_disease	00254bca7e9576bfe885271f457f4b62c08fcdd225cb22f3eb534b74c5c57517	c8c94902a880f0643e37a2a83e8923087788d8d778e333dfc96d50764e6693ce	phenotype	phenotype	mitochondrial_disease	gsc_phenotype	mitochondrial_disease	gsc_row_column:phenotype	row:179	"{""source"": ""extracted_participant""}"
mark_phase3_canonical_gsc_mitochondrial_disease	fff1a1de9b6b327e76eb0808e83276cb1ae15851525b8bc1d4f31f6a04c82183	c8c94902a880f0643e37a2a83e8923087788d8d778e333dfc96d50764e6693ce	phenotype	phenotype	mitochondrial_disease	gsc_phenotype	mitochondrial_disease	gsc_row_column:phenotype	row:1657	"{""source"": ""extracted_participant""}"
mark_phase3_canonical_gsc_mitochondrial_disease	ffe7194422f627df32afd57a6e1c67fc39dd5d89aae1e817c409e80d2ed982a0	c8c94902a880f0643e37a2a83e8923087788d8d778e333dfc96d50764e6693ce	phenotype	phenotype	mitochondrial_disease	gsc_phenotype	mitochondrial_disease	gsc_row_column:phenotype	row:466	"{""source"": ""extracted_participant""}"
mark_phase3_canonical_gsc_mitochondrial_disease	ffb73df2b190f11cc72d0a6acaedf819d6aec304d14f0923430696c86da23286	c8c94902a880f0643e37a2a83e8923087788d8d778e333dfc96d50764e6693ce	phenotype	phenotype	mitochondrial_disease	gsc_phenotype	mitochondrial_disease	gsc_row_column:phenotype	row:2056	"{""source"": ""extracted_participant""}"
